image_id,public_id,file_name,width,height,fold,split_group,size_profile,n_instances,n_small,n_medium,n_large,total_rts_area,rts_fraction
1,train_000001,train/images/train_000001.npz,289,159,val,single_000001,L,1,0,0,1,21105.0,0.45929359535157016
2,train_000002,train/images/train_000002.npz,289,158,train,single_000002,M,1,0,1,0,861.0,0.01885594148307126
3,train_000003,train/images/train_000003.npz,291,137,train,single_000003,SM,5,1,4,0,3911.0,0.09810118644492939
4,train_000004,train/images/train_000004.npz,291,136,train,single_000004,SML,6,2,2,2,7419.0,0.1874620982413584
5,train_000005,train/images/train_000005.npz,289,158,train,single_000005,L,1,0,0,1,16787.0,0.36763610879943937
6,train_000006,train/images/train_000006.npz,291,137,train,single_000006,SM,7,2,5,0,6353.0,0.15935485489251763
7,train_000007,train/images/train_000007.npz,289,158,train,single_000007,ML,2,0,1,1,14523.0,0.31805439971967936
8,train_000008,train/images/train_000008.npz,291,136,train,single_000008,M,1,0,1,0,452.0,0.011421063270669092
9,train_000009,train/images/train_000009.npz,295,200,train,single_000009,SM,3,2,1,0,896.0,0.015186440677966102
10,train_000010,train/images/train_000010.npz,292,138,train,single_000010,M,2,0,2,0,762.0,0.01891006551518761
11,train_000011,train/images/train_000011.npz,289,157,train,single_000011,ML,2,0,1,1,6282.0,0.1384523835761356
12,train_000012,train/images/train_000012.npz,291,137,val,single_000012,SM,3,1,2,0,759.0,0.019038302355331476
13,train_000013,train/images/train_000013.npz,291,138,val,single_000013,SML,3,1,1,1,3293.0,0.08200109567209522
14,train_000014,train/images/train_000014.npz,294,199,train,single_000014,SM,2,1,1,0,1586.0,0.027108330769493726
15,train_000015,train/images/train_000015.npz,294,200,train,single_000015,L,1,0,0,1,2415.0,0.04107142857142857
16,train_000016,train/images/train_000016.npz,289,152,train,single_000016,M,1,0,1,0,488.0,0.011109087597887451
17,train_000017,train/images/train_000017.npz,281,230,train,single_000017,M,2,0,2,0,1628.0,0.025189540461086183
18,train_000018,train/images/train_000018.npz,289,159,train,single_000018,ML,2,0,1,1,8859.0,0.1927923222563165
19,train_000019,train/images/train_000019.npz,295,199,val,single_000019,L,1,0,0,1,2408.0,0.04101865258495869
20,train_000020,train/images/train_000020.npz,286,118,train,single_000020,L,1,0,0,1,10653.0,0.31566315040891313
21,train_000021,train/images/train_000021.npz,292,138,val,single_000021,ML,2,0,1,1,3977.0,0.09869465951955529
22,train_000022,train/images/train_000022.npz,291,138,val,single_000022,SM,8,3,5,0,5860.0,0.14592360177299665
23,train_000023,train/images/train_000023.npz,286,118,train,single_000023,L,1,0,0,1,2174.0,0.06441863221524238
24,train_000024,train/images/train_000024.npz,295,200,train,single_000024,ML,2,0,1,1,2971.0,0.05035593220338983
25,train_000025,train/images/train_000025.npz,291,138,train,single_000025,M,2,0,2,0,2519.0,0.06272722745156631
26,train_000026,train/images/train_000026.npz,290,154,train,single_000026,L,2,0,0,2,4551.0,0.10190326914464845
27,train_000027,train/images/train_000027.npz,295,200,train,single_000027,ML,3,0,2,1,3758.0,0.06369491525423729
28,train_000028,train/images/train_000028.npz,289,153,train,single_000028,M,1,0,1,0,758.0,0.017142727910079834
29,train_000029,train/images/train_000029.npz,294,201,train,single_000029,SM,5,1,4,0,3868.0,0.06545503773648763
30,train_000030,train/images/train_000030.npz,295,202,train,single_000030,M,1,0,1,0,460.0,0.00771941600939755
31,train_000031,train/images/train_000031.npz,291,136,train,single_000031,L,1,0,0,1,2520.0,0.06367495451788963
32,train_000032,train/images/train_000032.npz,283,107,train,single_000032,L,1,0,0,1,2767.0,0.09137743139262243
33,train_000033,train/images/train_000033.npz,278,238,train,single_000033,SM,4,1,3,0,1524.0,0.023033673901215163
34,train_000034,train/images/train_000034.npz,289,153,train,single_000034,ML,3,0,1,2,15901.0,0.3596128185991813
35,train_000035,train/images/train_000035.npz,287,117,train,single_000035,SL,2,1,0,1,10777.0,0.32094463801780876
36,train_000036,train/images/train_000036.npz,291,137,train,single_000036,L,1,0,0,1,6474.0,0.16238994657235306
37,train_000037,train/images/train_000037.npz,289,229,train,single_000037,SM,3,2,1,0,921.0,0.013916380834378447
38,train_000038,train/images/train_000038.npz,296,202,val,single_000038,M,1,0,1,0,532.0,0.008897511372758897
39,train_000039,train/images/train_000039.npz,295,201,train,single_000039,M,2,0,2,0,1740.0,0.029344801416645586
40,train_000040,train/images/train_000040.npz,287,231,train,single_000040,SML,5,1,3,1,4568.0,0.06890206193342081
41,train_000041,train/images/train_000041.npz,286,232,train,single_000041,L,1,0,0,1,3545.0,0.05342717627200386
42,train_000042,train/images/train_000042.npz,290,153,train,single_000042,L,1,0,0,1,2844.0,0.0640973630831643
43,train_000043,train/images/train_000043.npz,291,136,train,single_000043,ML,4,0,3,1,4442.0,0.11223974125732768
44,train_000044,train/images/train_000044.npz,287,231,train,single_000044,S,1,1,0,0,109.0,0.001644116626695024
45,train_000045,train/images/train_000045.npz,291,137,train,single_000045,SM,4,2,2,0,2783.0,0.06980710863621542
46,train_000046,train/images/train_000046.npz,286,231,val,single_000046,SM,6,2,4,0,4962.0,0.07510671147034784
47,train_000047,train/images/train_000047.npz,286,232,train,single_000047,L,1,0,0,1,7589.0,0.11437484928864239
48,train_000048,train/images/train_000048.npz,291,137,train,single_000048,SL,2,1,0,1,8328.0,0.20889457446007975
49,train_000049,train/images/train_000049.npz,289,158,train,single_000049,ML,2,0,1,1,5401.0,0.11828216022075248
50,train_000050,train/images/train_000050.npz,291,138,train,single_000050,SM,3,1,2,0,1750.0,0.043577867423676475
51,train_000051,train/images/train_000051.npz,286,231,train,single_000051,ML,3,0,2,1,7398.0,0.11197893016074835
52,train_000052,train/images/train_000052.npz,279,235,train,single_000052,M,4,0,4,0,3295.0,0.05025547166933577
53,train_000053,train/images/train_000053.npz,286,232,train,single_000053,M,3,0,3,0,3759.0,0.05665239932481312
54,train_000054,train/images/train_000054.npz,280,230,val,single_000054,SM,2,1,1,0,680.0,0.010559006211180125
55,train_000055,train/images/train_000055.npz,286,118,train,single_000055,SML,3,1,1,1,3383.0,0.10024297736162142
56,train_000056,train/images/train_000056.npz,291,137,train,single_000056,L,1,0,0,1,3196.0,0.08016655379135626
57,train_000057,train/images/train_000057.npz,295,199,train,single_000057,M,1,0,1,0,1214.0,0.020679669534111236
58,train_000058,train/images/train_000058.npz,286,232,train,sim_group_06,M,3,0,3,0,4192.0,0.0631782011092356
59,train_000059,train/images/train_000059.npz,287,232,val,single_000059,ML,3,0,2,1,7309.0,0.10977111618406825
60,train_000060,train/images/train_000060.npz,297,210,train,single_000060,ML,3,0,2,1,6157.0,0.09871733205066538
61,train_000061,train/images/train_000061.npz,291,138,train,single_000061,ML,2,0,1,1,3215.0,0.08005876786692565
62,train_000062,train/images/train_000062.npz,296,201,train,single_000062,M,2,0,2,0,1740.0,0.029245663574021783
63,train_000063,train/images/train_000063.npz,292,138,train,single_000063,SM,4,2,2,0,2471.0,0.06132122295016875
64,train_000064,train/images/train_000064.npz,289,153,val,single_000064,M,1,0,1,0,1232.0,0.02786258678788701
65,train_000065,train/images/train_000065.npz,283,107,train,sim_group_02,M,1,0,1,0,445.0,0.014695683762095043
66,train_000066,train/images/train_000066.npz,290,154,train,single_000066,L,2,0,0,2,6507.0,0.14570085087326468
67,train_000067,train/images/train_000067.npz,287,231,train,single_000067,SM,4,1,3,0,2567.0,0.03871970074060666
68,train_000068,train/images/train_000068.npz,294,199,train,single_000068,ML,3,0,2,1,5997.0,0.10250230745564558
69,train_000069,train/images/train_000069.npz,291,137,train,single_000069,SL,4,1,0,3,8895.0,0.22311686357137483
70,train_000070,train/images/train_000070.npz,289,154,train,single_000070,SM,3,1,2,0,1528.0,0.03433244955736305
71,train_000071,train/images/train_000071.npz,280,230,train,single_000071,SM,2,1,1,0,680.0,0.010559006211180125
72,train_000072,train/images/train_000072.npz,291,138,val,single_000072,M,3,0,3,0,1284.0,0.031973703869714626
73,train_000073,train/images/train_000073.npz,278,235,val,single_000073,L,1,0,0,1,2104.0,0.032205724781876624
74,train_000074,train/images/train_000074.npz,286,219,train,single_000074,ML,3,0,2,1,5265.0,0.08405977584059776
75,train_000075,train/images/train_000075.npz,290,228,val,sim_group_07,M,1,0,1,0,308.0,0.004658197217180883
76,train_000076,train/images/train_000076.npz,295,200,train,sim_group_08,ML,2,0,1,1,2971.0,0.05035593220338983
77,train_000077,train/images/train_000077.npz,286,232,val,single_000077,M,2,0,2,0,1054.0,0.015884977091873642
78,train_000078,train/images/train_000078.npz,278,238,train,single_000078,M,2,0,2,0,854.0,0.01290732120186204
79,train_000079,train/images/train_000079.npz,286,116,train,single_000079,L,1,0,0,1,8188.0,0.2468049192187123
80,train_000080,train/images/train_000080.npz,287,118,val,single_000080,M,1,0,1,0,1023.0,0.030207287545030412
81,train_000081,train/images/train_000081.npz,289,153,train,single_000081,L,1,0,0,1,11523.0,0.2606011262636542
82,train_000082,train/images/train_000082.npz,291,137,train,single_000082,L,1,0,0,1,9922.0,0.24887751774650713
83,train_000083,train/images/train_000083.npz,286,232,train,single_000083,ML,3,0,2,1,7522.0,0.1133650831926694
84,train_000084,train/images/train_000084.npz,278,235,train,single_000084,L,1,0,0,1,6400.0,0.09796418184601255
85,train_000085,train/images/train_000085.npz,290,158,train,single_000085,SML,3,1,1,1,16779.0,0.3661938018332606
86,train_000086,train/images/train_000086.npz,295,200,val,single_000086,S,1,1,0,0,160.0,0.002711864406779661
87,train_000087,train/images/train_000087.npz,289,159,val,single_000087,ML,2,0,1,1,6621.0,0.1440882679375857
88,train_000088,train/images/train_000088.npz,297,198,train,single_000088,M,1,0,1,0,1896.0,0.032241607999183755
89,train_000089,train/images/train_000089.npz,281,230,train,single_000089,SML,5,3,1,1,3719.0,0.05754293671669503
90,train_000090,train/images/train_000090.npz,295,202,val,single_000090,M,1,0,1,0,823.0,0.01381104212116127
91,train_000091,train/images/train_000091.npz,295,200,train,single_000091,SM,3,2,1,0,905.0,0.015338983050847457
92,train_000092,train/images/train_000092.npz,295,201,train,single_000092,M,1,0,1,0,519.0,0.008752845939792562
93,train_000093,train/images/train_000093.npz,278,236,train,single_000093,SM,2,1,1,0,1408.0,0.021460797463723934
94,train_000094,train/images/train_000094.npz,290,228,train,single_000094,SM,3,2,1,0,921.0,0.013929219600725953
95,train_000095,train/images/train_000095.npz,295,200,train,single_000095,M,1,0,1,0,398.0,0.006745762711864407
96,train_000096,train/images/train_000096.npz,297,210,train,single_000096,ML,2,0,1,1,8836.0,0.14167067500400835
97,train_000097,train/images/train_000097.npz,286,231,train,single_000097,SM,3,1,2,0,1601.0,0.0242333424151606
98,train_000098,train/images/train_000098.npz,286,232,train,sim_group_03,L,1,0,0,1,4603.0,0.06937243790692066
99,train_000099,train/images/train_000099.npz,286,116,val,single_000099,M,2,0,2,0,1459.0,0.043977574149987944
100,train_000100,train/images/train_000100.npz,286,231,val,single_000100,SL,2,1,0,1,5256.0,0.0795568068295341
101,train_000101,train/images/train_000101.npz,286,231,val,single_000101,L,1,0,0,1,3951.0,0.05980383253110526
102,train_000102,train/images/train_000102.npz,287,232,train,single_000102,SML,5,1,3,1,6171.0,0.09267992310464977
103,train_000103,train/images/train_000103.npz,287,231,train,single_000103,L,1,0,0,1,13949.0,0.210401677300632
104,train_000104,train/images/train_000104.npz,289,153,val,single_000104,SM,2,1,1,0,511.0,0.011556641110884953
105,train_000105,train/images/train_000105.npz,291,137,val,single_000105,SML,10,3,6,1,8615.0,0.2160935109238217
106,train_000106,train/images/train_000106.npz,295,200,val,single_000106,SM,3,2,1,0,613.0,0.010389830508474576
107,train_000107,train/images/train_000107.npz,289,229,train,single_000107,S,2,2,0,0,248.0,0.0037472990737522855
108,train_000108,train/images/train_000108.npz,289,229,train,single_000108,M,1,0,1,0,675.0,0.010199301914446745
109,train_000109,train/images/train_000109.npz,287,232,train,single_000109,SM,4,1,3,0,3662.0,0.054998197765228886
110,train_000110,train/images/train_000110.npz,289,159,val,single_000110,S,1,1,0,0,282.0,0.00613697199190442
111,train_000111,train/images/train_000111.npz,291,137,train,single_000111,S,1,1,0,0,276.0,0.006923019038302355
112,train_000112,train/images/train_000112.npz,283,107,train,single_000112,M,2,0,2,0,1538.0,0.0507909250024768
113,train_000113,train/images/train_000113.npz,289,153,train,single_000113,M,2,0,2,0,881.0,0.01992446344166271
114,train_000114,train/images/train_000114.npz,287,118,train,single_000114,SML,4,1,2,1,6684.0,0.19736608988365914
115,train_000115,train/images/train_000115.npz,286,116,val,single_000115,ML,2,0,1,1,7873.0,0.23731010368941405
116,train_000116,train/images/train_000116.npz,291,137,train,single_000116,SM,3,2,1,0,1285.0,0.03223217197180626
117,train_000117,train/images/train_000117.npz,291,137,train,single_000117,M,1,0,1,0,1081.0,0.027115157900017558
118,train_000118,train/images/train_000118.npz,291,137,train,single_000118,ML,3,0,2,1,4219.0,0.10582687435723781
119,train_000119,train/images/train_000119.npz,280,231,train,single_000119,M,1,0,1,0,548.0,0.008472479901051329
120,train_000120,train/images/train_000120.npz,291,138,train,single_000120,M,1,0,1,0,1121.0,0.02791473678968076
121,train_000121,train/images/train_000121.npz,289,158,train,single_000121,L,2,0,0,2,9283.0,0.20329814725592396
122,train_000122,train/images/train_000122.npz,291,137,train,single_000122,M,2,0,2,0,2281.0,0.057215240675245194
123,train_000123,train/images/train_000123.npz,291,138,train,single_000123,M,1,0,1,0,321.0,0.007993425967428656
124,train_000124,train/images/train_000124.npz,290,230,val,single_000124,L,1,0,0,1,3039.0,0.04556221889055472
125,train_000125,train/images/train_000125.npz,287,232,train,single_000125,SM,5,4,1,0,772.0,0.011594377027514117
126,train_000126,train/images/train_000126.npz,291,137,val,single_000126,M,1,0,1,0,305.0,0.007650437705370356
127,train_000127,train/images/train_000127.npz,281,232,val,single_000127,SM,4,2,2,0,1629.0,0.024987728555651
128,train_000128,train/images/train_000128.npz,286,117,val,single_000128,L,2,0,0,2,20271.0,0.6057916442531827
129,train_000129,train/images/train_000129.npz,290,153,train,single_000129,SM,2,1,1,0,2159.0,0.04865900383141762
130,train_000130,train/images/train_000130.npz,278,235,train,single_000130,L,1,0,0,1,6400.0,0.09796418184601255
131,train_000131,train/images/train_000131.npz,286,116,val,single_000131,SML,3,1,1,1,5506.0,0.16596334699782975
132,train_000132,train/images/train_000132.npz,289,159,train,single_000132,ML,3,0,2,1,5173.0,0.11257644012099846
133,train_000133,train/images/train_000133.npz,289,158,train,sim_group_04,SL,2,1,0,1,3006.0,0.06583154482939862
134,train_000134,train/images/train_000134.npz,291,138,train,single_000134,S,1,1,0,0,244.0,0.006075999800786892
135,train_000135,train/images/train_000135.npz,289,158,train,single_000135,L,1,0,0,1,28884.0,0.6325609916341816
136,train_000136,train/images/train_000136.npz,295,201,train,single_000136,M,1,0,1,0,573.0,0.009663546673412599
137,train_000137,train/images/train_000137.npz,295,199,train,single_000137,SM,3,1,2,0,2267.0,0.03861681287794907
138,train_000138,train/images/train_000138.npz,294,200,train,single_000138,M,1,0,1,0,635.0,0.010799319727891157
139,train_000139,train/images/train_000139.npz,289,159,val,single_000139,L,1,0,0,1,2588.0,0.05632086352854127
140,train_000140,train/images/train_000140.npz,286,118,train,single_000140,M,1,0,1,0,657.0,0.019467820315277943
141,train_000141,train/images/train_000141.npz,295,202,train,single_000141,SL,2,1,0,1,2290.0,0.038429266655479105
142,train_000142,train/images/train_000142.npz,289,153,train,single_000142,L,1,0,0,1,2857.0,0.06461315783522174
143,train_000143,train/images/train_000143.npz,291,138,val,single_000143,SM,4,1,3,0,3385.0,0.08429204641665422
144,train_000144,train/images/train_000144.npz,289,153,val,single_000144,L,1,0,0,1,2844.0,0.06431915326684307
145,train_000145,train/images/train_000145.npz,291,137,train,single_000145,M,1,0,1,0,1461.0,0.03664685077883964
146,train_000146,train/images/train_000146.npz,291,138,train,single_000146,SML,3,1,1,1,3767.0,0.09380447233427959
147,train_000147,train/images/train_000147.npz,289,229,val,single_000147,S,3,3,0,0,278.0,0.00420060138106103
148,train_000148,train/images/train_000148.npz,281,230,train,single_000148,M,1,0,1,0,855.0,0.01322915054928052
149,train_000149,train/images/train_000149.npz,286,232,train,single_000149,L,1,0,0,1,2069.0,0.031182179889076442
150,train_000150,train/images/train_000150.npz,282,107,train,sim_group_01,M,1,0,1,0,664.0,0.02200570027175714
151,train_000151,train/images/train_000151.npz,290,153,train,single_000151,SM,4,1,3,0,2127.0,0.04793779580797836
152,train_000152,train/images/train_000152.npz,286,232,val,single_000152,ML,2,0,1,1,4848.0,0.07306486616831444
153,train_000153,train/images/train_000153.npz,295,199,train,single_000153,L,1,0,0,1,2408.0,0.04101865258495869
154,train_000154,train/images/train_000154.npz,278,238,train,single_000154,SL,3,2,0,1,3502.0,0.052929085303186026
155,train_000155,train/images/train_000155.npz,289,228,val,single_000155,S,1,1,0,0,105.0,0.001593516663631397
156,train_000156,train/images/train_000156.npz,291,137,train,single_000156,SM,4,1,3,0,2563.0,0.06428876012742368
157,train_000157,train/images/train_000157.npz,279,237,train,single_000157,M,1,0,1,0,1364.0,0.02062822315986873
158,train_000158,train/images/train_000158.npz,290,158,train,single_000158,ML,5,0,1,4,15105.0,0.3296595373199476
159,train_000159,train/images/train_000159.npz,286,232,val,single_000159,S,1,1,0,0,87.0,0.0013111888111888112
160,train_000160,train/images/train_000160.npz,291,137,train,single_000160,M,2,0,2,0,1981.0,0.049690219981438286
161,train_000161,train/images/train_000161.npz,290,153,train,single_000161,L,1,0,0,1,4288.0,0.09664187514086094
162,train_000162,train/images/train_000162.npz,294,201,train,single_000162,M,3,0,3,0,2414.0,0.0408501709141368
163,train_000163,train/images/train_000163.npz,291,138,val,single_000163,SML,5,3,1,1,3834.0,0.09547288211564321
164,train_000164,train/images/train_000164.npz,287,232,train,single_000164,M,3,0,3,0,4142.0,0.06220713684969362
165,train_000165,train/images/train_000165.npz,292,137,train,single_000165,L,1,0,0,1,4380.0,0.10948905109489052
166,train_000166,train/images/train_000166.npz,290,153,train,single_000166,ML,2,0,1,1,9656.0,0.21762452107279692
167,train_000167,train/images/train_000167.npz,283,107,train,single_000167,L,1,0,0,1,2210.0,0.07298305868366302
168,train_000168,train/images/train_000168.npz,279,235,train,single_000168,SM,4,2,2,0,1624.0,0.024769312895599787
169,train_000169,train/images/train_000169.npz,296,210,train,single_000169,ML,3,0,2,1,8999.0,0.14477155727155727
170,train_000170,train/images/train_000170.npz,281,230,val,single_000170,SM,3,2,1,0,1704.0,0.02636546495435556
171,train_000171,train/images/train_000171.npz,289,154,val,single_000171,L,2,0,0,2,4551.0,0.102255875612277
172,train_000172,train/images/train_000172.npz,289,154,val,single_000172,M,1,0,1,0,1220.0,0.027412034332449556
173,train_000173,train/images/train_000173.npz,286,232,train,single_000173,M,2,0,2,0,1601.0,0.024128888353026283
174,train_000174,train/images/train_000174.npz,289,158,train,single_000174,M,2,0,2,0,1936.0,0.04239849327668521
175,train_000175,train/images/train_000175.npz,291,137,train,single_000175,ML,3,0,2,1,5837.0,0.14641181929916974
176,train_000176,train/images/train_000176.npz,289,159,train,single_000176,L,1,0,0,1,12256.0,0.26671889621553396
177,train_000177,train/images/train_000177.npz,290,154,train,single_000177,ML,4,0,2,2,14804.0,0.3314823107926556
178,train_000178,train/images/train_000178.npz,292,138,train,single_000178,L,1,0,0,1,3415.0,0.08474786579313083
179,train_000179,train/images/train_000179.npz,289,228,train,single_000179,S,1,1,0,0,226.0,0.0034298549141018636
180,train_000180,train/images/train_000180.npz,291,137,train,single_000180,L,2,0,0,2,6896.0,0.17297514234830813
181,train_000181,train/images/train_000181.npz,289,157,train,single_000181,SL,2,1,0,1,13742.0,0.3028673440151632
182,train_000182,train/images/train_000182.npz,286,118,train,single_000182,L,1,0,0,1,5322.0,0.1576982339694204
183,train_000183,train/images/train_000183.npz,295,202,train,single_000183,M,1,0,1,0,701.0,0.011763718744755831
184,train_000184,train/images/train_000184.npz,291,137,train,single_000184,ML,3,0,2,1,4193.0,0.10517470589710788
185,train_000185,train/images/train_000185.npz,289,158,train,single_000185,ML,4,0,3,1,16843.0,0.3688625114975253
186,train_000186,train/images/train_000186.npz,281,230,train,single_000186,L,1,0,0,1,3369.0,0.052127494971375525
187,train_000187,train/images/train_000187.npz,286,117,train,single_000187,M,2,0,2,0,3055.0,0.0912975912975913
188,train_000188,train/images/train_000188.npz,287,232,train,single_000188,SM,6,2,4,0,4181.0,0.06279286315030638
189,train_000189,train/images/train_000189.npz,286,117,val,single_000189,SM,2,1,1,0,1146.0,0.03424780347857271
190,train_000190,train/images/train_000190.npz,295,199,train,single_000190,SM,4,3,1,0,1450.0,0.024699770036623797
191,train_000191,train/images/train_000191.npz,292,139,train,single_000191,M,1,0,1,0,513.0,0.012639203705528727
192,train_000192,train/images/train_000192.npz,285,231,train,sim_group_09,L,1,0,0,1,2567.0,0.03899141793878636
193,train_000193,train/images/train_000193.npz,279,235,train,single_000193,M,3,0,3,0,1870.0,0.02852131472584458
194,train_000194,train/images/train_000194.npz,289,154,val,single_000194,M,3,0,3,0,1697.0,0.038129690378825326
195,train_000195,train/images/train_000195.npz,291,137,train,single_000195,M,1,0,1,0,1614.0,0.040484611332681164
196,train_000196,train/images/train_000196.npz,290,153,val,single_000196,M,2,0,2,0,1244.0,0.028036961911201263
197,train_000197,train/images/train_000197.npz,286,232,train,single_000197,M,1,0,1,0,1655.0,0.024942729684108995
198,train_000198,train/images/train_000198.npz,296,201,val,single_000198,L,1,0,0,1,25159.0,0.42286876428667475
199,train_000199,train/images/train_000199.npz,296,201,train,single_000199,S,2,2,0,0,331.0,0.005563399220115638
200,train_000200,train/images/train_000200.npz,281,231,train,single_000200,S,2,2,0,0,268.0,0.004128730107377794
201,train_000201,train/images/train_000201.npz,291,137,train,single_000201,ML,2,0,1,1,3877.0,0.09724835076629794
202,train_000202,train/images/train_000202.npz,286,233,train,single_000202,SM,5,4,1,0,723.0,0.010849665356103124
203,train_000203,train/images/train_000203.npz,285,232,train,single_000203,M,2,0,2,0,1601.0,0.024213551119177255
204,train_000204,train/images/train_000204.npz,291,138,train,single_000204,M,3,0,3,0,2766.0,0.06887793216793665
205,train_000205,train/images/train_000205.npz,279,237,val,single_000205,M,2,0,2,0,2867.0,0.04335858929570648
206,train_000206,train/images/train_000206.npz,286,232,train,single_000206,SM,6,4,2,0,1551.0,0.023375331564986737
207,train_000207,train/images/train_000207.npz,291,137,train,single_000207,SML,4,2,1,1,3908.0,0.09802593623799132
208,train_000208,train/images/train_000208.npz,285,233,train,single_000208,SM,5,4,1,0,723.0,0.010887734357352609
209,train_000209,train/images/train_000209.npz,294,200,train,single_000209,M,5,0,5,0,4441.0,0.07552721088435374
210,train_000210,train/images/train_000210.npz,286,116,train,single_000210,ML,3,0,1,2,16642.0,0.5016276826621654
211,train_000211,train/images/train_000211.npz,291,137,val,single_000211,SM,7,2,5,0,5978.0,0.149948579025259
212,train_000212,train/images/train_000212.npz,291,137,train,single_000212,M,1,0,1,0,1963.0,0.04923871873980987
213,train_000213,train/images/train_000213.npz,295,199,train,single_000213,M,2,0,2,0,2334.0,0.03975811259688272
214,train_000214,train/images/train_000214.npz,287,232,train,sim_group_03,SM,2,1,1,0,1029.0,0.015454163162321278
215,train_000215,train/images/train_000215.npz,291,137,val,single_000215,SML,3,1,1,1,7690.0,0.19289136378458374
216,train_000216,train/images/train_000216.npz,285,233,train,sim_group_05,SM,5,4,1,0,723.0,0.010887734357352609
217,train_000217,train/images/train_000217.npz,290,153,val,single_000217,L,1,0,0,1,3828.0,0.08627450980392157
218,train_000218,train/images/train_000218.npz,290,157,train,single_000218,SML,4,1,2,1,14178.0,0.31139907753129803
219,train_000219,train/images/train_000219.npz,294,200,train,single_000219,M,5,0,5,0,4727.0,0.08039115646258503
220,train_000220,train/images/train_000220.npz,289,154,train,single_000220,ML,3,0,2,1,8527.0,0.19159214487934212
221,train_000221,train/images/train_000221.npz,289,158,train,single_000221,L,1,0,0,1,9122.0,0.1997722394989269
222,train_000222,train/images/train_000222.npz,283,106,train,sim_group_01,SM,2,1,1,0,528.0,0.01760117341156077
223,train_000223,train/images/train_000223.npz,291,137,val,single_000223,SM,2,1,1,0,978.0,0.02453156746181052
224,train_000224,train/images/train_000224.npz,291,137,train,single_000224,SML,9,3,4,2,8343.0,0.2092708254947701
225,train_000225,train/images/train_000225.npz,295,199,train,single_000225,L,1,0,0,1,2977.0,0.05071118303381313
226,train_000226,train/images/train_000226.npz,295,199,train,single_000226,L,1,0,0,1,2977.0,0.05071118303381313
227,train_000227,train/images/train_000227.npz,296,201,val,single_000227,S,1,1,0,0,89.0,0.0014958988839585854
228,train_000228,train/images/train_000228.npz,297,210,train,single_000228,ML,2,0,1,1,2897.0,0.04644861311527978
229,train_000229,train/images/train_000229.npz,150,295,train,single_000229,L,1,0,0,1,7007.0,0.1583502824858757
230,train_000230,train/images/train_000230.npz,291,137,val,single_000230,ML,3,0,2,1,8245.0,0.20681265206812652
231,train_000231,train/images/train_000231.npz,291,138,train,single_000231,M,2,0,2,0,1552.0,0.03864734299516908
232,train_000232,train/images/train_000232.npz,295,200,train,single_000232,SM,3,1,2,0,1389.0,0.02354237288135593
233,train_000233,train/images/train_000233.npz,283,106,train,single_000233,M,1,0,1,0,935.0,0.031168744582972197
234,train_000234,train/images/train_000234.npz,290,229,train,single_000234,M,1,0,1,0,1053.0,0.015856045776238517
235,train_000235,train/images/train_000235.npz,292,138,val,single_000235,SML,8,4,2,2,8891.0,0.22064224736946594
236,train_000236,train/images/train_000236.npz,281,231,train,single_000236,SM,2,1,1,0,1124.0,0.017316017316017316
237,train_000237,train/images/train_000237.npz,295,197,train,single_000237,SM,2,1,1,0,899.0,0.015469328056439817
238,train_000238,train/images/train_000238.npz,286,116,val,single_000238,M,4,0,4,0,3091.0,0.09316976127320956
239,train_000239,train/images/train_000239.npz,286,232,train,single_000239,L,1,0,0,1,3737.0,0.05632083433807572
240,train_000240,train/images/train_000240.npz,292,138,val,single_000240,SML,4,1,2,1,3593.0,0.08916517768513003
241,train_000241,train/images/train_000241.npz,291,137,train,single_000241,SML,5,1,3,1,4221.0,0.1058770411618632
242,train_000242,train/images/train_000242.npz,289,159,val,single_000242,L,3,0,0,3,10254.0,0.22315074753541816
243,train_000243,train/images/train_000243.npz,279,236,train,single_000243,L,1,0,0,1,2079.0,0.03157463094587206
244,train_000244,train/images/train_000244.npz,286,232,val,single_000244,M,1,0,1,0,343.0,0.00516939956595129
245,train_000245,train/images/train_000245.npz,286,117,train,single_000245,ML,2,0,1,1,3073.0,0.091835514912438
246,train_000246,train/images/train_000246.npz,286,231,train,single_000246,M,2,0,2,0,1601.0,0.0242333424151606
247,train_000247,train/images/train_000247.npz,285,233,train,single_000247,L,1,0,0,1,3896.0,0.058670280852345456
248,train_000248,train/images/train_000248.npz,281,230,train,single_000248,L,1,0,0,1,3285.0,0.05082778895249884
249,train_000249,train/images/train_000249.npz,286,117,train,single_000249,ML,3,0,1,2,11081.0,0.3311517542286773
250,train_000250,train/images/train_000250.npz,296,201,train,single_000250,L,1,0,0,1,15331.0,0.2576811886513379
251,train_000251,train/images/train_000251.npz,289,159,train,single_000251,M,1,0,1,0,814.0,0.017714521990816304
252,train_000252,train/images/train_000252.npz,295,201,train,single_000252,SL,3,2,0,1,9180.0,0.15481912471540601
253,train_000253,train/images/train_000253.npz,289,228,val,single_000253,M,1,0,1,0,1106.0,0.016785042190250715
254,train_000254,train/images/train_000254.npz,291,137,train,single_000254,M,3,0,3,0,2900.0,0.0727418667068001
255,train_000255,train/images/train_000255.npz,287,118,train,single_000255,SL,4,3,0,1,3173.0,0.09369278922813441
256,train_000256,train/images/train_000256.npz,287,230,train,single_000256,M,1,0,1,0,581.0,0.0088016967126193
257,train_000257,train/images/train_000257.npz,279,238,train,single_000257,SM,4,1,3,0,1524.0,0.022951115930243064
258,train_000258,train/images/train_000258.npz,295,199,train,single_000258,SM,4,3,1,0,1901.0,0.032382250234221956
259,train_000259,train/images/train_000259.npz,278,235,train,single_000259,SM,2,1,1,0,1224.0,0.0187356497780499
260,train_000260,train/images/train_000260.npz,289,159,train,single_000260,SM,2,1,1,0,1265.0,0.02752932471545777
261,train_000261,train/images/train_000261.npz,296,202,train,single_000261,M,2,0,2,0,1740.0,0.0291008830612791
262,train_000262,train/images/train_000262.npz,281,230,train,single_000262,SML,5,2,2,1,4442.0,0.06872969209345506
263,train_000263,train/images/train_000263.npz,282,231,train,sim_group_01,SM,3,1,2,0,1551.0,0.023809523809523808
264,train_000264,train/images/train_000264.npz,289,228,val,single_000264,M,1,0,1,0,1106.0,0.016785042190250715
265,train_000265,train/images/train_000265.npz,291,138,train,single_000265,M,4,0,4,0,3350.0,0.08342048906818068
266,train_000266,train/images/train_000266.npz,286,117,train,single_000266,SML,3,1,1,1,3791.0,0.11329269021576714
267,train_000267,train/images/train_000267.npz,296,201,train,single_000267,S,1,1,0,0,156.0,0.0026220250100847118
268,train_000268,train/images/train_000268.npz,287,232,train,single_000268,SM,4,2,2,0,1643.0,0.024675597741199085
269,train_000269,train/images/train_000269.npz,291,137,train,single_000269,L,2,0,0,2,5368.0,0.13464770361451828
270,train_000270,train/images/train_000270.npz,287,117,train,single_000270,M,1,0,1,0,627.0,0.018672384526043063
271,train_000271,train/images/train_000271.npz,296,201,train,single_000271,L,1,0,0,1,20524.0,0.3449643673524271
272,train_000272,train/images/train_000272.npz,289,158,train,single_000272,L,1,0,0,1,9353.0,0.20483115062853138
273,train_000273,train/images/train_000273.npz,287,219,val,single_000273,ML,3,0,2,1,5265.0,0.08376688463557826
274,train_000274,train/images/train_000274.npz,283,107,train,single_000274,S,1,1,0,0,148.0,0.004887553251213633
275,train_000275,train/images/train_000275.npz,281,230,val,single_000275,M,1,0,1,0,855.0,0.01322915054928052
276,train_000276,train/images/train_000276.npz,151,294,train,single_000276,L,1,0,0,1,3442.0,0.07753299995494886
277,train_000277,train/images/train_000277.npz,286,117,train,single_000277,ML,2,0,1,1,6765.0,0.20216962524654833
278,train_000278,train/images/train_000278.npz,291,138,train,single_000278,M,2,0,2,0,3231.0,0.08045719408337068
279,train_000279,train/images/train_000279.npz,291,136,train,single_000279,SML,3,1,1,1,17508.0,0.4423893268647665
280,train_000280,train/images/train_000280.npz,291,137,train,single_000280,SM,2,1,1,0,445.0,0.011162114029146913
281,train_000281,train/images/train_000281.npz,286,118,train,single_000281,M,1,0,1,0,1012.0,0.02998696219035202
282,train_000282,train/images/train_000282.npz,291,137,val,single_000282,L,2,0,0,2,4594.0,0.11523315022449646
283,train_000283,train/images/train_000283.npz,286,231,train,single_000283,ML,3,0,2,1,7458.0,0.11288711288711288
284,train_000284,train/images/train_000284.npz,295,200,val,single_000284,L,1,0,0,1,2205.0,0.037372881355932204
285,train_000285,train/images/train_000285.npz,286,118,train,single_000285,SML,3,1,1,1,3294.0,0.09760578404646202
286,train_000286,train/images/train_000286.npz,290,228,train,single_000286,SM,3,2,1,0,921.0,0.013929219600725953
287,train_000287,train/images/train_000287.npz,291,202,train,single_000287,M,2,0,2,0,1429.0,0.024310162975060393
288,train_000288,train/images/train_000288.npz,290,229,val,single_000288,S,1,1,0,0,150.0,0.0022586959795211563
289,train_000289,train/images/train_000289.npz,285,232,train,single_000289,L,1,0,0,1,2703.0,0.04088021778584392
290,train_000290,train/images/train_000290.npz,289,158,train,single_000290,SM,4,1,3,0,2453.0,0.05372081818580001
291,train_000291,train/images/train_000291.npz,291,137,train,single_000291,SML,3,1,1,1,4830.0,0.12115283317029121
292,train_000292,train/images/train_000292.npz,290,228,train,single_000292,S,1,1,0,0,166.0,0.0025105868118572294
293,train_000293,train/images/train_000293.npz,289,159,train,single_000293,L,1,0,0,1,2695.0,0.058649430915540465
294,train_000294,train/images/train_000294.npz,295,202,train,single_000294,S,1,1,0,0,223.0,0.0037422386306427253
295,train_000295,train/images/train_000295.npz,289,158,train,single_000295,L,1,0,0,1,34875.0,0.7637641802811966
296,train_000296,train/images/train_000296.npz,295,199,train,single_000296,ML,3,0,2,1,3758.0,0.0640149902052636
297,train_000297,train/images/train_000297.npz,291,138,train,single_000297,L,1,0,0,1,14880.0,0.37053638129388916
298,train_000298,train/images/train_000298.npz,286,116,train,single_000298,ML,2,0,1,1,4694.0,0.14148782252230527
299,train_000299,train/images/train_000299.npz,296,201,train,single_000299,M,1,0,1,0,356.0,0.005983595535834342
300,train_000300,train/images/train_000300.npz,290,153,val,single_000300,M,1,0,1,0,1232.0,0.02776650890241154
301,train_000301,train/images/train_000301.npz,289,157,train,single_000301,SML,6,2,2,2,10618.0,0.23401582438895377
302,train_000302,train/images/train_000302.npz,281,231,train,sim_group_02,SM,2,1,1,0,466.0,0.007179060559843478
303,train_000303,train/images/train_000303.npz,294,199,train,single_000303,ML,2,0,1,1,4107.0,0.0701979284175982
304,train_000304,train/images/train_000304.npz,286,232,train,single_000304,SM,2,1,1,0,468.0,0.007053291536050157
305,train_000305,train/images/train_000305.npz,291,202,train,single_000305,M,1,0,1,0,878.0,0.014936545200911843
306,train_000306,train/images/train_000306.npz,295,201,train,single_000306,M,1,0,1,0,417.0,0.007032633442954718
307,train_000307,train/images/train_000307.npz,285,233,train,single_000307,L,1,0,0,1,3896.0,0.058670280852345456
308,train_000308,train/images/train_000308.npz,291,137,val,single_000308,SML,4,1,2,1,14165.0,0.3553063937592495
309,train_000309,train/images/train_000309.npz,286,232,train,single_000309,S,2,2,0,0,138.0,0.002079816734989149
310,train_000310,train/images/train_000310.npz,295,202,train,single_000310,S,2,2,0,0,363.0,0.006091626111763719
311,train_000311,train/images/train_000311.npz,286,232,train,single_000311,L,1,0,0,1,2854.0,0.043013021461297325
312,train_000312,train/images/train_000312.npz,286,117,train,single_000312,ML,2,0,1,1,4694.0,0.14027852489390952
313,train_000313,train/images/train_000313.npz,289,153,train,single_000313,SL,2,1,0,1,7680.0,0.17368885270371123
314,train_000314,train/images/train_000314.npz,295,200,train,single_000314,S,1,1,0,0,145.0,0.0024576271186440676
315,train_000315,train/images/train_000315.npz,281,230,val,single_000315,SM,4,1,3,0,3214.0,0.04972922791273402
316,train_000316,train/images/train_000316.npz,286,230,train,single_000316,M,1,0,1,0,705.0,0.010717543326238978
317,train_000317,train/images/train_000317.npz,281,230,train,single_000317,S,1,1,0,0,286.0,0.004425189540461086
318,train_000318,train/images/train_000318.npz,279,238,train,single_000318,L,1,0,0,1,2083.0,0.03136953706213668
319,train_000319,train/images/train_000319.npz,289,153,val,single_000319,M,2,0,2,0,1128.0,0.025510550240857587
320,train_000320,train/images/train_000320.npz,286,118,train,single_000320,SM,4,2,2,0,1566.0,0.0464027497925803
321,train_000321,train/images/train_000321.npz,295,200,train,single_000321,M,1,0,1,0,398.0,0.006745762711864407
322,train_000322,train/images/train_000322.npz,286,116,train,single_000322,ML,2,0,1,1,20041.0,0.6040812635640221
323,train_000323,train/images/train_000323.npz,292,138,val,single_000323,SML,3,1,1,1,5102.0,0.12661306333134803
324,train_000324,train/images/train_000324.npz,295,200,train,single_000324,ML,2,0,1,1,3502.0,0.05935593220338983
325,train_000325,train/images/train_000325.npz,290,153,train,single_000325,SML,3,1,1,1,11193.0,0.25226504394861393
326,train_000326,train/images/train_000326.npz,291,137,train,single_000326,M,2,0,2,0,3231.0,0.0810444728723004
327,train_000327,train/images/train_000327.npz,286,232,train,single_000327,S,4,4,0,0,448.0,0.006751868820834338
328,train_000328,train/images/train_000328.npz,289,228,val,sim_group_07,M,1,0,1,0,308.0,0.004674315546652098
329,train_000329,train/images/train_000329.npz,289,157,train,single_000329,ML,5,0,2,3,13978.0,0.30806867520331477
330,train_000330,train/images/train_000330.npz,283,106,train,single_000330,S,1,1,0,0,172.0,0.005733715581038736
331,train_000331,train/images/train_000331.npz,280,231,val,single_000331,SM,3,1,2,0,1624.0,0.025108225108225107
332,train_000332,train/images/train_000332.npz,287,232,train,single_000332,SML,4,1,2,1,5116.0,0.07683527574191998
333,train_000333,train/images/train_000333.npz,290,153,val,single_000333,L,1,0,0,1,19202.0,0.43276988956502144
334,train_000334,train/images/train_000334.npz,287,218,val,single_000334,ML,3,0,2,1,5151.0,0.08232906051209922
335,train_000335,train/images/train_000335.npz,286,232,train,single_000335,SM,4,2,2,0,1624.0,0.024475524475524476
336,train_000336,train/images/train_000336.npz,279,235,train,single_000336,SM,4,1,3,0,1670.0,0.025470906733775642
337,train_000337,train/images/train_000337.npz,289,158,train,single_000337,L,1,0,0,1,22419.0,0.49097718014979636
338,train_000338,train/images/train_000338.npz,283,107,train,sim_group_01,SM,2,1,1,0,462.0,0.015257091905815527
339,train_000339,train/images/train_000339.npz,286,233,train,sim_group_05,SM,5,4,1,0,723.0,0.010849665356103124
340,train_000340,train/images/train_000340.npz,286,232,train,single_000340,SM,6,4,2,0,1551.0,0.023375331564986737
341,train_000341,train/images/train_000341.npz,291,137,train,single_000341,L,1,0,0,1,16130.0,0.4045952793036848
342,train_000342,train/images/train_000342.npz,296,201,train,single_000342,S,1,1,0,0,210.0,0.0035296490520371118
343,train_000343,train/images/train_000343.npz,292,138,train,single_000343,ML,2,0,1,1,12778.0,0.3171034345840778
344,train_000344,train/images/train_000344.npz,285,232,train,single_000344,M,1,0,1,0,318.0,0.004809437386569873
345,train_000345,train/images/train_000345.npz,291,138,train,single_000345,S,1,1,0,0,220.0,0.005478360476119329
346,train_000346,train/images/train_000346.npz,290,154,train,single_000346,L,1,0,0,1,3482.0,0.07796686072548141
347,train_000347,train/images/train_000347.npz,289,158,train,sim_group_04,M,2,0,2,0,1936.0,0.04239849327668521
348,train_000348,train/images/train_000348.npz,286,232,train,single_000348,S,1,1,0,0,112.0,0.0016879672052085846
349,train_000349,train/images/train_000349.npz,296,201,val,single_000349,ML,2,0,1,1,2853.0,0.04795280354981848
350,train_000350,train/images/train_000350.npz,295,200,train,single_000350,M,1,0,1,0,635.0,0.01076271186440678
351,train_000351,train/images/train_000351.npz,294,198,val,single_000351,M,1,0,1,0,711.0,0.012213976499690785
352,train_000352,train/images/train_000352.npz,296,201,val,single_000352,L,1,0,0,1,4300.0,0.07227376630361705
353,train_000353,train/images/train_000353.npz,296,201,train,single_000353,S,1,1,0,0,140.0,0.0023530993680247413
354,train_000354,train/images/train_000354.npz,286,117,train,single_000354,ML,2,0,1,1,3571.0,0.1067180682565298
355,train_000355,train/images/train_000355.npz,286,232,train,single_000355,ML,3,0,2,1,7826.0,0.11794670846394985
356,train_000356,train/images/train_000356.npz,289,158,train,single_000356,ML,4,0,1,3,18204.0,0.39866847707064956
357,train_000357,train/images/train_000357.npz,294,199,val,single_000357,SM,5,4,1,0,2223.0,0.037996102963798586
358,train_000358,train/images/train_000358.npz,280,230,val,single_000358,SML,4,2,1,1,4063.0,0.06309006211180124
359,train_000359,train/images/train_000359.npz,291,137,train,single_000359,SM,4,2,2,0,1429.0,0.03584418190483357
360,train_000360,train/images/train_000360.npz,291,137,train,single_000360,SL,2,1,0,1,3844.0,0.09642059848997918
361,train_000361,train/images/train_000361.npz,289,157,train,single_000361,SML,4,1,1,2,5263.0,0.11599409340356599
362,train_000362,train/images/train_000362.npz,287,118,train,single_000362,L,1,0,0,1,5327.0,0.1572964034725093
363,train_000363,train/images/train_000363.npz,286,231,val,single_000363,L,1,0,0,1,3654.0,0.05530832803560076
364,train_000364,train/images/train_000364.npz,291,137,train,single_000364,ML,2,0,1,1,24570.0,0.6162991948227857
365,train_000365,train/images/train_000365.npz,282,231,train,single_000365,M,1,0,1,0,712.0,0.010929968376776887
366,train_000366,train/images/train_000366.npz,291,138,val,single_000366,SM,5,1,4,0,2511.0,0.06252801434334379
367,train_000367,train/images/train_000367.npz,289,157,train,single_000367,ML,4,0,2,2,11448.0,0.25230864170321554
368,train_000368,train/images/train_000368.npz,289,157,val,single_000368,L,1,0,0,1,8971.0,0.1977167037665572
369,train_000369,train/images/train_000369.npz,289,159,train,single_000369,ML,3,0,1,2,7937.0,0.17272747056647297
370,train_000370,train/images/train_000370.npz,289,154,train,single_000370,SL,3,1,0,2,8928.0,0.20060216600008987
371,train_000371,train/images/train_000371.npz,295,201,train,single_000371,S,1,1,0,0,156.0,0.00263091323045788
372,train_000372,train/images/train_000372.npz,287,232,train,single_000372,S,1,1,0,0,53.0,0.000795987023909648
373,train_000373,train/images/train_000373.npz,286,232,val,single_000373,S,1,1,0,0,224.0,0.003375934410417169
374,train_000374,train/images/train_000374.npz,295,200,train,single_000374,SL,2,1,0,1,3146.0,0.05332203389830509
375,train_000375,train/images/train_000375.npz,289,158,train,single_000375,M,1,0,1,0,806.0,0.017651438833165434
376,train_000376,train/images/train_000376.npz,291,137,train,single_000376,L,1,0,0,1,4340.0,0.10886196603707327
377,train_000377,train/images/train_000377.npz,283,107,train,single_000377,M,1,0,1,0,511.0,0.01687526832006869
378,train_000378,train/images/train_000378.npz,286,232,train,single_000378,M,2,0,2,0,774.0,0.011665059078852182
379,train_000379,train/images/train_000379.npz,287,118,train,single_000379,L,1,0,0,1,5005.0,0.14778834229020257
380,train_000380,train/images/train_000380.npz,280,231,train,single_000380,M,1,0,1,0,1601.0,0.024752628324056895
381,train_000381,train/images/train_000381.npz,282,106,train,single_000381,L,1,0,0,1,2722.0,0.0910611534858825
382,train_000382,train/images/train_000382.npz,292,137,train,single_000382,SM,6,1,5,0,4812.0,0.1202879712028797
383,train_000383,train/images/train_000383.npz,292,137,train,single_000383,L,1,0,0,1,12923.0,0.32304269573042693
384,train_000384,train/images/train_000384.npz,291,137,train,single_000384,ML,3,0,2,1,6125.0,0.15363583916522436
385,train_000385,train/images/train_000385.npz,150,295,train,single_000385,L,1,0,0,1,2697.0,0.06094915254237288
386,train_000386,train/images/train_000386.npz,287,231,val,single_000386,SM,6,2,4,0,4862.0,0.07333665173386428
387,train_000387,train/images/train_000387.npz,289,153,train,single_000387,SM,4,1,3,0,1951.0,0.044123300992830815
388,train_000388,train/images/train_000388.npz,291,138,train,single_000388,SML,5,1,3,1,9167.0,0.2282733203844813
389,train_000389,train/images/train_000389.npz,290,158,train,single_000389,ML,2,0,1,1,22265.0,0.48592317765168047
390,train_000390,train/images/train_000390.npz,296,201,train,single_000390,L,1,0,0,1,2447.0,0.04112881538254672
391,train_000391,train/images/train_000391.npz,291,137,train,single_000391,L,1,0,0,1,3196.0,0.08016655379135626
392,train_000392,train/images/train_000392.npz,287,232,train,single_000392,M,1,0,1,0,547.0,0.008215186831671273
393,train_000393,train/images/train_000393.npz,287,231,val,single_000393,SL,2,1,0,1,7636.0,0.11517866570131378
394,train_000394,train/images/train_000394.npz,283,106,train,single_000394,M,1,0,1,0,334.0,0.011134075605040336
395,train_000395,train/images/train_000395.npz,289,158,val,single_000395,L,1,0,0,1,5120.0,0.1121282466821427
396,train_000396,train/images/train_000396.npz,291,137,train,single_000396,M,4,0,4,0,3768.0,0.09451425991421476
397,train_000397,train/images/train_000397.npz,295,200,train,single_000397,M,2,0,2,0,2334.0,0.0395593220338983
398,train_000398,train/images/train_000398.npz,291,137,train,single_000398,SML,9,4,4,1,7487.0,0.18779943311510774
399,train_000399,train/images/train_000399.npz,291,137,train,single_000399,SML,5,2,2,1,3616.0,0.09070158276268593
400,train_000400,train/images/train_000400.npz,280,231,val,single_000400,L,1,0,0,1,2200.0,0.034013605442176874
401,train_000401,train/images/train_000401.npz,286,233,train,single_000401,S,4,4,0,0,544.0,0.008163510309433056
402,train_000402,train/images/train_000402.npz,290,154,train,single_000402,SML,5,1,3,1,5356.0,0.11992834751455442
403,train_000403,train/images/train_000403.npz,291,137,train,single_000403,L,1,0,0,1,9352.0,0.23457997842827402
404,train_000404,train/images/train_000404.npz,287,219,train,single_000404,M,2,0,2,0,2285.0,0.03635466883044564
405,train_000405,train/images/train_000405.npz,294,199,train,single_000405,SM,5,4,1,0,2227.0,0.03806447201996376
406,train_000406,train/images/train_000406.npz,281,231,train,single_000406,S,2,2,0,0,268.0,0.004128730107377794
407,train_000407,train/images/train_000407.npz,291,137,train,single_000407,L,2,0,0,2,8010.0,0.20091805252464445
408,train_000408,train/images/train_000408.npz,295,200,train,single_000408,M,2,0,2,0,2334.0,0.0395593220338983
409,train_000409,train/images/train_000409.npz,295,200,train,single_000409,S,1,1,0,0,192.0,0.003254237288135593
410,train_000410,train/images/train_000410.npz,292,137,train,single_000410,M,3,0,3,0,2374.0,0.05934406559344066
411,train_000411,train/images/train_000411.npz,281,230,train,single_000411,SML,4,2,1,1,4402.0,0.06811078446541853
412,train_000412,train/images/train_000412.npz,291,137,train,single_000412,SML,5,1,2,2,5644.0,0.14157072265282064
413,train_000413,train/images/train_000413.npz,281,232,train,single_000413,SM,4,2,2,0,1629.0,0.024987728555651
414,train_000414,train/images/train_000414.npz,286,232,train,single_000414,SM,3,2,1,0,1088.0,0.016397395707740535
415,train_000415,train/images/train_000415.npz,290,158,train,single_000415,L,1,0,0,1,4856.0,0.10597992143168922
416,train_000416,train/images/train_000416.npz,286,232,train,single_000416,M,1,0,1,0,751.0,0.01131842295635399
417,train_000417,train/images/train_000417.npz,286,233,train,single_000417,SM,4,3,1,0,610.0,0.009153936192562802
418,train_000418,train/images/train_000418.npz,292,138,val,single_000418,L,1,0,0,1,4661.0,0.11566904903712527
419,train_000419,train/images/train_000419.npz,294,199,train,single_000419,SML,3,1,1,1,4790.0,0.08187194475780261
420,train_000420,train/images/train_000420.npz,279,236,train,single_000420,M,3,0,3,0,2594.0,0.039396148472146286
421,train_000421,train/images/train_000421.npz,294,200,train,single_000421,M,2,0,2,0,2334.0,0.039693877551020405
422,train_000422,train/images/train_000422.npz,291,137,train,single_000422,SM,8,4,4,0,2405.0,0.06032558256201871
423,train_000423,train/images/train_000423.npz,289,158,train,single_000423,L,1,0,0,1,3839.0,0.08407428496342692
424,train_000424,train/images/train_000424.npz,290,153,train,single_000424,ML,3,0,2,1,7279.0,0.16405228758169935
425,train_000425,train/images/train_000425.npz,287,231,train,single_000425,M,3,0,3,0,3190.0,0.04811680769868923
426,train_000426,train/images/train_000426.npz,295,196,train,single_000426,L,1,0,0,1,2208.0,0.038187478381182985
427,train_000427,train/images/train_000427.npz,286,232,train,single_000427,SM,6,2,4,0,3693.0,0.055657704364600914
428,train_000428,train/images/train_000428.npz,290,158,train,single_000428,L,2,0,0,2,15109.0,0.32974683544303796
429,train_000429,train/images/train_000429.npz,287,118,train,single_000429,ML,2,0,1,1,5625.0,0.16609578928719068
430,train_000430,train/images/train_000430.npz,289,158,train,single_000430,L,1,0,0,1,15815.0,0.34634926196837634
431,train_000431,train/images/train_000431.npz,295,201,train,single_000431,S,1,1,0,0,127.0,0.0021418332068471203
432,train_000432,train/images/train_000432.npz,281,232,train,single_000432,SM,3,1,2,0,776.0,0.01190330101852988
433,train_000433,train/images/train_000433.npz,289,158,train,single_000433,ML,3,0,1,2,11400.0,0.24966054925320835
434,train_000434,train/images/train_000434.npz,291,137,train,single_000434,SL,2,1,0,1,3948.0,0.09902927233049891
435,train_000435,train/images/train_000435.npz,289,154,train,single_000435,L,1,0,0,1,2428.0,0.054554442097694694
436,train_000436,train/images/train_000436.npz,292,138,val,single_000436,M,2,0,2,0,2500.0,0.06204089735953941
437,train_000437,train/images/train_000437.npz,279,237,train,single_000437,L,1,0,0,1,3384.0,0.05117735129985028
438,train_000438,train/images/train_000438.npz,281,230,train,single_000438,M,2,0,2,0,1219.0,0.01886120996441281
439,train_000439,train/images/train_000439.npz,278,236,val,single_000439,S,1,1,0,0,121.0,0.0018442872820387758
440,train_000440,train/images/train_000440.npz,291,138,train,single_000440,ML,3,0,2,1,4030.0,0.10035360326709497
441,train_000441,train/images/train_000441.npz,281,230,train,sim_group_10,M,2,0,2,0,3247.0,0.05023982670586415
442,train_000442,train/images/train_000442.npz,295,200,train,single_000442,L,2,0,0,2,11305.0,0.19161016949152543
443,train_000443,train/images/train_000443.npz,290,158,train,single_000443,SML,4,1,1,2,14868.0,0.32448712352684417
444,train_000444,train/images/train_000444.npz,289,158,train,single_000444,SM,5,1,4,0,4108.0,0.08996539792387544
445,train_000445,train/images/train_000445.npz,291,136,train,single_000445,L,1,0,0,1,38688.0,0.9775621588841722
446,train_000446,train/images/train_000446.npz,286,231,train,single_000446,SM,2,1,1,0,449.0,0.006796234068961342
447,train_000447,train/images/train_000447.npz,289,157,train,single_000447,L,1,0,0,1,2938.0,0.06475216538470015
448,train_000448,train/images/train_000448.npz,280,230,val,sim_group_11,SML,4,2,1,1,4460.0,0.06925465838509316
449,train_000449,train/images/train_000449.npz,294,199,train,single_000449,S,1,1,0,0,254.0,0.0043414350664889075
450,train_000450,train/images/train_000450.npz,289,153,train,single_000450,M,1,0,1,0,1162.0,0.026279485265847977
451,train_000451,train/images/train_000451.npz,289,229,train,single_000451,S,1,1,0,0,295.0,0.004457472688535985
452,train_000452,train/images/train_000452.npz,296,201,train,single_000452,M,2,0,2,0,2164.0,0.036372193088611
453,train_000453,train/images/train_000453.npz,290,153,val,single_000453,ML,4,0,2,2,12595.0,0.28386297047554654
454,train_000454,train/images/train_000454.npz,289,153,train,single_000454,L,2,0,0,2,12209.0,0.2761155211796368
455,train_000455,train/images/train_000455.npz,289,158,val,single_000455,ML,3,0,1,2,7958.0,0.17428058341728353
456,train_000456,train/images/train_000456.npz,294,197,train,single_000456,S,1,1,0,0,262.0,0.004523636865913878
457,train_000457,train/images/train_000457.npz,286,232,train,single_000457,M,3,0,3,0,3766.0,0.056757897275138657
458,train_000458,train/images/train_000458.npz,291,202,val,single_000458,M,2,0,2,0,1429.0,0.024310162975060393
459,train_000459,train/images/train_000459.npz,282,107,val,single_000459,M,1,0,1,0,1425.0,0.047226088685623384
460,train_000460,train/images/train_000460.npz,296,210,train,single_000460,SL,2,1,0,1,4226.0,0.06798584298584298
461,train_000461,train/images/train_000461.npz,290,157,val,single_000461,L,3,0,0,3,22087.0,0.48510871952558754
462,train_000462,train/images/train_000462.npz,296,201,train,single_000462,L,1,0,0,1,3965.0,0.06664313567298642
463,train_000463,train/images/train_000463.npz,294,199,train,single_000463,ML,2,0,1,1,4107.0,0.0701979284175982
464,train_000464,train/images/train_000464.npz,295,199,train,single_000464,SM,5,4,1,0,2109.0,0.03592538966016523
465,train_000465,train/images/train_000465.npz,296,201,train,single_000465,L,1,0,0,1,3739.0,0.06284456097888934
466,train_000466,train/images/train_000466.npz,289,158,train,single_000466,ML,2,0,1,1,3751.0,0.0821470807235776
467,train_000467,train/images/train_000467.npz,286,233,train,sim_group_05,SM,5,4,1,0,723.0,0.010849665356103124
468,train_000468,train/images/train_000468.npz,292,137,train,single_000468,SML,7,4,1,2,7762.0,0.19403059694030597
469,train_000469,train/images/train_000469.npz,292,136,train,single_000469,M,2,0,2,0,2260.0,0.05690975020145044
470,train_000470,train/images/train_000470.npz,292,137,train,single_000470,SM,4,1,3,0,3341.0,0.08351664833516648
471,train_000471,train/images/train_000471.npz,291,138,train,single_000471,SML,3,1,1,1,3928.0,0.09781363613725783
472,train_000472,train/images/train_000472.npz,291,202,train,single_000472,M,2,0,2,0,1429.0,0.024310162975060393
473,train_000473,train/images/train_000473.npz,291,137,train,single_000473,SM,4,1,3,0,3369.0,0.08450598239145157
474,train_000474,train/images/train_000474.npz,286,116,val,single_000474,ML,2,0,1,1,9010.0,0.27158186640945264
475,train_000475,train/images/train_000475.npz,290,154,val,single_000475,SML,4,2,1,1,7185.0,0.16088222122704882
476,train_000476,train/images/train_000476.npz,286,231,val,single_000476,L,1,0,0,1,7043.0,0.10660551569642479
477,train_000477,train/images/train_000477.npz,286,117,val,single_000477,L,1,0,0,1,11161.0,0.33354252585021815
478,train_000478,train/images/train_000478.npz,291,137,train,single_000478,SM,5,3,2,0,2106.0,0.052825645270524496
479,train_000479,train/images/train_000479.npz,294,200,train,single_000479,ML,3,0,2,1,6006.0,0.10214285714285715
480,train_000480,train/images/train_000480.npz,292,137,train,single_000480,SML,8,2,3,3,14431.0,0.3607389261073893
481,train_000481,train/images/train_000481.npz,295,199,train,single_000481,M,1,0,1,0,661.0,0.011259688271867813
482,train_000482,train/images/train_000482.npz,291,138,train,single_000482,SM,10,4,6,0,6580.0,0.16385278151302354
483,train_000483,train/images/train_000483.npz,296,201,train,single_000483,L,1,0,0,1,3124.0,0.05250773161220922
484,train_000484,train/images/train_000484.npz,295,203,train,single_000484,M,1,0,1,0,317.0,0.005293479168406111
485,train_000485,train/images/train_000485.npz,287,231,train,single_000485,SML,5,1,3,1,6098.0,0.09198002926225923
486,train_000486,train/images/train_000486.npz,290,153,val,single_000486,M,1,0,1,0,1161.0,0.02616632860040568
487,train_000487,train/images/train_000487.npz,296,201,train,single_000487,M,1,0,1,0,532.0,0.008941777598494016
488,train_000488,train/images/train_000488.npz,150,294,train,single_000488,L,1,0,0,1,4838.0,0.10970521541950114
489,train_000489,train/images/train_000489.npz,296,201,val,single_000489,M,1,0,1,0,410.0,0.006891219577786742
490,train_000490,train/images/train_000490.npz,291,137,train,single_000490,M,4,0,4,0,2559.0,0.06418842651817293
491,train_000491,train/images/train_000491.npz,296,201,train,single_000491,M,2,0,2,0,1740.0,0.029245663574021783
492,train_000492,train/images/train_000492.npz,294,199,train,single_000492,SM,5,4,1,0,2150.0,0.036748367688784055
493,train_000493,train/images/train_000493.npz,286,118,val,single_000493,ML,2,0,1,1,2918.0,0.08646438307455256
494,train_000494,train/images/train_000494.npz,286,116,train,single_000494,L,2,0,0,2,9907.0,0.29861948396431154
495,train_000495,train/images/train_000495.npz,279,236,train,single_000495,S,1,1,0,0,223.0,0.0033867930259401007
496,train_000496,train/images/train_000496.npz,295,199,val,single_000496,S,1,1,0,0,291.0,0.004956988331487948
497,train_000497,train/images/train_000497.npz,290,153,train,single_000497,SML,4,2,1,1,13061.0,0.29436556231688077
498,train_000498,train/images/train_000498.npz,283,107,train,single_000498,M,3,0,3,0,2268.0,0.0748984511740035
499,train_000499,train/images/train_000499.npz,281,231,train,sim_group_10,M,2,0,2,0,3321.0,0.051162360770901694
500,train_000500,train/images/train_000500.npz,289,158,train,single_000500,L,1,0,0,1,11426.0,0.2502299505058911
501,train_000501,train/images/train_000501.npz,287,232,val,single_000501,SM,6,4,2,0,1282.0,0.0192538748047579
502,train_000502,train/images/train_000502.npz,283,106,train,single_000502,L,1,0,0,1,5061.0,0.16871124741649443
503,train_000503,train/images/train_000503.npz,286,231,train,single_000503,M,1,0,1,0,867.0,0.013123240395967668
504,train_000504,train/images/train_000504.npz,289,154,train,single_000504,L,2,0,0,2,12854.0,0.28881499123713655
505,train_000505,train/images/train_000505.npz,286,232,train,single_000505,L,1,0,0,1,2307.0,0.034769110200144684
506,train_000506,train/images/train_000506.npz,294,200,train,single_000506,L,1,0,0,1,2290.0,0.038945578231292514
507,train_000507,train/images/train_000507.npz,291,137,train,single_000507,SML,3,1,1,1,3607.0,0.09047583214187173
508,train_000508,train/images/train_000508.npz,286,232,train,single_000508,L,1,0,0,1,2854.0,0.043013021461297325
509,train_000509,train/images/train_000509.npz,289,157,train,single_000509,ML,2,0,1,1,17797.0,0.3922376743878518
510,train_000510,train/images/train_000510.npz,295,200,train,single_000510,M,1,0,1,0,398.0,0.006745762711864407
511,train_000511,train/images/train_000511.npz,295,199,train,single_000511,SM,5,4,1,0,2227.0,0.037935439911421516
512,train_000512,train/images/train_000512.npz,290,159,train,single_000512,SM,4,1,3,0,4299.0,0.09323357189329863
513,train_000513,train/images/train_000513.npz,295,202,train,single_000513,S,2,2,0,0,363.0,0.006091626111763719
514,train_000514,train/images/train_000514.npz,295,197,val,single_000514,M,2,0,2,0,1332.0,0.02292007227049815
515,train_000515,train/images/train_000515.npz,292,137,val,single_000515,SM,4,1,3,0,1716.0,0.0428957104289571
516,train_000516,train/images/train_000516.npz,292,137,train,single_000516,ML,4,0,3,1,5479.0,0.13696130386961303
517,train_000517,train/images/train_000517.npz,287,118,train,single_000517,SL,3,2,0,1,6576.0,0.19417705072934507
518,train_000518,train/images/train_000518.npz,291,137,train,single_000518,SM,4,1,3,0,2563.0,0.06428876012742368
519,train_000519,train/images/train_000519.npz,279,235,train,single_000519,M,3,0,3,0,2414.0,0.036818424464272095
520,train_000520,train/images/train_000520.npz,286,233,train,single_000520,S,4,4,0,0,544.0,0.008163510309433056
521,train_000521,train/images/train_000521.npz,289,158,train,single_000521,ML,2,0,1,1,2927.0,0.06410144102317025
522,train_000522,train/images/train_000522.npz,289,229,val,single_000522,SM,3,2,1,0,921.0,0.013916380834378447
523,train_000523,train/images/train_000523.npz,289,154,val,single_000523,M,2,0,2,0,1244.0,0.0279512874668584
524,train_000524,train/images/train_000524.npz,280,230,val,sim_group_11,SML,3,1,1,1,4206.0,0.06531055900621117
525,train_000525,train/images/train_000525.npz,289,154,val,single_000525,ML,4,0,2,2,9782.0,0.21979059003280457
526,train_000526,train/images/train_000526.npz,296,201,train,single_000526,M,1,0,1,0,356.0,0.005983595535834342
527,train_000527,train/images/train_000527.npz,286,232,train,single_000527,M,1,0,1,0,1534.0,0.02311912225705329
528,train_000528,train/images/train_000528.npz,286,232,train,single_000528,L,1,0,0,1,2703.0,0.04073727996141789
529,train_000529,train/images/train_000529.npz,295,200,train,sim_group_08,ML,2,0,1,1,2971.0,0.05035593220338983
530,train_000530,train/images/train_000530.npz,291,136,val,single_000530,L,1,0,0,1,5385.0,0.13606731352334747
531,train_000531,train/images/train_000531.npz,297,210,train,single_000531,ML,2,0,1,1,6971.0,0.1117684784351451
532,train_000532,train/images/train_000532.npz,291,138,train,single_000532,M,3,0,3,0,2418.0,0.060212161960256985
533,train_000533,train/images/train_000533.npz,292,137,train,single_000533,SM,2,1,1,0,460.0,0.011498850114988501
534,train_000534,train/images/train_000534.npz,281,230,train,single_000534,L,1,0,0,1,3349.0,0.05181804115735726
535,train_000535,train/images/train_000535.npz,278,238,train,single_000535,L,1,0,0,1,3384.0,0.05114563811135965
536,train_000536,train/images/train_000536.npz,286,232,val,single_000536,M,1,0,1,0,348.0,0.005244755244755245
537,train_000537,train/images/train_000537.npz,289,158,train,single_000537,ML,3,0,1,2,17458.0,0.38233104112829047
538,train_000538,train/images/train_000538.npz,281,230,train,single_000538,L,1,0,0,1,3369.0,0.052127494971375525
539,train_000539,train/images/train_000539.npz,291,138,train,single_000539,SML,7,2,4,1,5685.0,0.141565815030629
540,train_000540,train/images/train_000540.npz,294,197,val,sim_group_12,M,2,0,2,0,2006.0,0.03463517386650092
541,train_000541,train/images/train_000541.npz,286,232,train,single_000541,ML,2,0,1,1,5417.0,0.08164034241620448
542,train_000542,train/images/train_000542.npz,297,210,val,single_000542,SL,2,1,0,1,3356.0,0.05380792047458714
543,train_000543,train/images/train_000543.npz,290,152,train,single_000543,S,1,1,0,0,298.0,0.006760435571687841
544,train_000544,train/images/train_000544.npz,283,106,train,single_000544,M,2,0,2,0,1538.0,0.051270084672311485
545,train_000545,train/images/train_000545.npz,291,137,train,single_000545,M,1,0,1,0,1024.0,0.025685403968194246
546,train_000546,train/images/train_000546.npz,291,137,train,single_000546,ML,3,0,2,1,3350.0,0.08402939774751048
547,train_000547,train/images/train_000547.npz,290,158,train,single_000547,ML,4,0,2,2,12209.0,0.2664556962025316
548,train_000548,train/images/train_000548.npz,285,233,train,single_000548,M,1,0,1,0,1057.0,0.015917476093667646
549,train_000549,train/images/train_000549.npz,287,118,val,single_000549,M,1,0,1,0,954.0,0.028169845863107543
550,train_000550,train/images/train_000550.npz,294,201,train,single_000550,SM,3,1,2,0,2749.0,0.04651910515449961
551,train_000551,train/images/train_000551.npz,295,199,train,single_000551,SM,5,4,1,0,2227.0,0.037935439911421516
552,train_000552,train/images/train_000552.npz,291,137,train,single_000552,ML,5,0,3,2,7809.0,0.1958762886597938
553,train_000553,train/images/train_000553.npz,286,118,train,single_000553,M,1,0,1,0,785.0,0.023260637667417327
554,train_000554,train/images/train_000554.npz,295,199,train,single_000554,S,1,1,0,0,202.0,0.003440933480964143
555,train_000555,train/images/train_000555.npz,296,201,train,single_000555,S,1,1,0,0,179.0,0.003008605620545919
556,train_000556,train/images/train_000556.npz,281,230,train,single_000556,SM,4,1,3,0,3423.0,0.052963020269224816
557,train_000557,train/images/train_000557.npz,291,137,train,single_000557,SML,3,1,1,1,11152.0,0.27973010259111547
558,train_000558,train/images/train_000558.npz,295,199,val,single_000558,M,1,0,1,0,751.0,0.012792777446554809
559,train_000559,train/images/train_000559.npz,291,137,train,single_000559,ML,3,0,2,1,6341.0,0.15905385406476535
560,train_000560,train/images/train_000560.npz,289,228,train,single_000560,M,1,0,1,0,1435.0,0.02177806106962909
561,train_000561,train/images/train_000561.npz,296,210,train,single_000561,M,2,0,2,0,2130.0,0.03426640926640927
562,train_000562,train/images/train_000562.npz,286,117,val,single_000562,L,1,0,0,1,24634.0,0.736178351562967
563,train_000563,train/images/train_000563.npz,295,200,train,single_000563,S,1,1,0,0,243.0,0.00411864406779661
564,train_000564,train/images/train_000564.npz,286,116,train,single_000564,M,3,0,3,0,1642.0,0.049493609838437425
565,train_000565,train/images/train_000565.npz,296,210,train,single_000565,ML,3,0,2,1,5557.0,0.0893983268983269
566,train_000566,train/images/train_000566.npz,286,117,val,single_000566,SML,7,5,1,1,14468.0,0.43237104775566315
567,train_000567,train/images/train_000567.npz,286,231,val,single_000567,L,1,0,0,1,10178.0,0.15405806314897225
568,train_000568,train/images/train_000568.npz,291,137,train,single_000568,M,2,0,2,0,1271.0,0.0318810043394286
569,train_000569,train/images/train_000569.npz,280,230,train,sim_group_13,M,1,0,1,0,499.0,0.007748447204968944
570,train_000570,train/images/train_000570.npz,289,153,train,single_000570,M,2,0,2,0,881.0,0.01992446344166271
571,train_000571,train/images/train_000571.npz,291,137,train,single_000571,SM,4,1,3,0,2563.0,0.06428876012742368
572,train_000572,train/images/train_000572.npz,291,137,train,single_000572,M,1,0,1,0,1963.0,0.04923871873980987
573,train_000573,train/images/train_000573.npz,286,116,train,single_000573,L,1,0,0,1,18946.0,0.57107547624789
574,train_000574,train/images/train_000574.npz,280,230,val,sim_group_14,SM,3,2,1,0,1292.0,0.020062111801242236
575,train_000575,train/images/train_000575.npz,291,138,val,single_000575,SM,9,3,6,0,5722.0,0.14248717565615818
576,train_000576,train/images/train_000576.npz,283,106,train,sim_group_01,S,1,1,0,0,177.0,0.0059003933595573035
577,train_000577,train/images/train_000577.npz,289,154,val,single_000577,ML,3,0,1,2,10726.0,0.24100121331955243
578,train_000578,train/images/train_000578.npz,283,106,train,single_000578,M,1,0,1,0,794.0,0.026468431228748583
579,train_000579,train/images/train_000579.npz,289,158,train,sim_group_04,ML,3,0,2,1,11430.0,0.25031755069861156
580,train_000580,train/images/train_000580.npz,287,231,train,single_000580,L,1,0,0,1,3945.0,0.05950495497533825
581,train_000581,train/images/train_000581.npz,287,231,train,single_000581,L,1,0,0,1,3882.0,0.05855468573238608
582,train_000582,train/images/train_000582.npz,289,154,train,single_000582,M,3,0,3,0,3463.0,0.07780973351907608
583,train_000583,train/images/train_000583.npz,289,227,val,single_000583,S,1,1,0,0,40.0,0.000609728213648766
584,train_000584,train/images/train_000584.npz,287,232,train,single_000584,M,2,0,2,0,1054.0,0.01582962873963715
585,train_000585,train/images/train_000585.npz,291,137,train,single_000585,SM,4,1,3,0,2554.0,0.06406300950660948
586,train_000586,train/images/train_000586.npz,286,232,train,single_000586,SM,5,4,1,0,1590.0,0.023963105859657583
587,train_000587,train/images/train_000587.npz,286,232,val,single_000587,M,1,0,1,0,1655.0,0.024942729684108995
588,train_000588,train/images/train_000588.npz,291,137,train,single_000588,SML,5,2,2,1,10751.0,0.2696716582637269
589,train_000589,train/images/train_000589.npz,287,232,train,single_000589,ML,3,0,2,1,7826.0,0.11753574432296048
590,train_000590,train/images/train_000590.npz,286,231,train,single_000590,L,1,0,0,1,13322.0,0.20164683801047437
591,train_000591,train/images/train_000591.npz,289,158,train,single_000591,M,4,0,4,0,3299.0,0.07224825894616968
592,train_000592,train/images/train_000592.npz,291,138,train,single_000592,SML,4,1,2,1,4095.0,0.10197220977140296
593,train_000593,train/images/train_000593.npz,292,138,train,single_000593,L,1,0,0,1,3173.0,0.07874230692872741
594,train_000594,train/images/train_000594.npz,294,200,train,single_000594,M,4,0,4,0,3628.0,0.06170068027210884
595,train_000595,train/images/train_000595.npz,291,137,train,single_000595,ML,3,0,1,2,7803.0,0.1957257882459177
596,train_000596,train/images/train_000596.npz,281,231,train,sim_group_02,SM,4,1,3,0,1779.0,0.027406756944123492
597,train_000597,train/images/train_000597.npz,291,137,val,single_000597,SML,4,1,1,2,6699.0,0.16803371209270826
598,train_000598,train/images/train_000598.npz,289,158,train,single_000598,ML,2,0,1,1,13800.0,0.30222066488546273
599,train_000599,train/images/train_000599.npz,296,201,train,single_000599,M,2,0,2,0,1740.0,0.029245663574021783
600,train_000600,train/images/train_000600.npz,289,153,train,single_000600,L,1,0,0,1,3860.0,0.0872967410724382
601,train_000601,train/images/train_000601.npz,281,230,val,sim_group_14,SM,3,2,1,0,1206.0,0.018660064985300946
602,train_000602,train/images/train_000602.npz,285,231,train,sim_group_09,L,1,0,0,1,2567.0,0.03899141793878636
603,train_000603,train/images/train_000603.npz,291,138,train,single_000603,M,1,0,1,0,720.0,0.017929179740026894
604,train_000604,train/images/train_000604.npz,286,232,train,single_000604,S,1,1,0,0,187.0,0.0028183023872679043
605,train_000605,train/images/train_000605.npz,291,137,val,single_000605,ML,2,0,1,1,9711.0,0.24358491985852962
606,train_000606,train/images/train_000606.npz,291,137,train,single_000606,ML,3,0,2,1,5068.0,0.12712268292071136
607,train_000607,train/images/train_000607.npz,289,158,train,single_000607,L,1,0,0,1,18839.0,0.41257500766501687
608,train_000608,train/images/train_000608.npz,289,154,val,single_000608,ML,3,0,2,1,6068.0,0.13634116748303599
609,train_000609,train/images/train_000609.npz,294,200,train,single_000609,S,1,1,0,0,282.0,0.004795918367346939
610,train_000610,train/images/train_000610.npz,289,152,train,single_000610,M,1,0,1,0,327.0,0.007443999271535239
611,train_000611,train/images/train_000611.npz,281,232,train,single_000611,SM,4,2,2,0,798.0,0.012240765738127378
612,train_000612,train/images/train_000612.npz,291,137,train,single_000612,M,1,0,1,0,457.0,0.01146311485689919
613,train_000613,train/images/train_000613.npz,286,117,train,single_000613,SM,5,4,1,0,793.0,0.0236985236985237
614,train_000614,train/images/train_000614.npz,280,230,train,sim_group_13,M,1,0,1,0,499.0,0.007748447204968944
615,train_000615,train/images/train_000615.npz,280,230,train,single_000615,M,2,0,2,0,2539.0,0.03942546583850932
616,train_000616,train/images/train_000616.npz,292,138,train,single_000616,SM,3,1,2,0,3085.0,0.07655846734167163
617,train_000617,train/images/train_000617.npz,291,202,train,single_000617,M,2,0,2,0,1429.0,0.024310162975060393
618,train_000618,train/images/train_000618.npz,289,158,val,single_000618,SL,2,1,0,1,4020.0,0.0880381936840261
619,train_000619,train/images/train_000619.npz,287,118,train,sim_group_15,SM,2,1,1,0,1552.0,0.04582767377310577
620,train_000620,train/images/train_000620.npz,291,137,train,single_000620,M,1,0,1,0,1401.0,0.03514184664007826
621,train_000621,train/images/train_000621.npz,150,294,train,single_000621,L,1,0,0,1,6874.0,0.15587301587301589
622,train_000622,train/images/train_000622.npz,295,199,train,single_000622,ML,2,0,1,1,4107.0,0.06995996933821651
623,train_000623,train/images/train_000623.npz,286,232,train,single_000623,L,1,0,0,1,10058.0,0.1515854834820352
624,train_000624,train/images/train_000624.npz,286,232,train,single_000624,S,4,4,0,0,544.0,0.008198697853870267
625,train_000625,train/images/train_000625.npz,294,199,val,single_000625,M,1,0,1,0,564.0,0.009640036919290329
626,train_000626,train/images/train_000626.npz,289,153,train,single_000626,M,1,0,1,0,358.0,0.008096433498428207
627,train_000627,train/images/train_000627.npz,289,157,train,single_000627,L,1,0,0,1,4799.0,0.10576774733872567
628,train_000628,train/images/train_000628.npz,290,153,val,single_000628,M,1,0,1,0,1232.0,0.02776650890241154
629,train_000629,train/images/train_000629.npz,292,138,train,single_000629,L,1,0,0,1,12048.0,0.2989874925550923
630,train_000630,train/images/train_000630.npz,289,158,train,single_000630,ML,5,0,1,4,10920.0,0.23914852612675747
631,train_000631,train/images/train_000631.npz,291,137,train,single_000631,SM,4,1,3,0,2563.0,0.06428876012742368
632,train_000632,train/images/train_000632.npz,289,158,train,single_000632,M,2,0,2,0,2257.0,0.049428408742499236
633,train_000633,train/images/train_000633.npz,286,232,train,single_000633,L,1,0,0,1,4172.0,0.06287677839401977
634,train_000634,train/images/train_000634.npz,286,232,train,single_000634,SM,2,1,1,0,449.0,0.006766939956595129
635,train_000635,train/images/train_000635.npz,289,157,train,single_000635,L,2,0,0,2,19917.0,0.4389614969254843
636,train_000636,train/images/train_000636.npz,287,219,train,single_000636,M,2,0,2,0,2285.0,0.03635466883044564
637,train_000637,train/images/train_000637.npz,280,230,train,single_000637,SM,4,2,2,0,3387.0,0.052593167701863355
638,train_000638,train/images/train_000638.npz,290,154,train,single_000638,ML,5,0,4,1,6606.0,0.14791759964173756
639,train_000639,train/images/train_000639.npz,283,106,train,single_000639,M,2,0,2,0,934.0,0.031135409027268485
640,train_000640,train/images/train_000640.npz,295,199,train,single_000640,ML,3,0,2,1,5488.0,0.09348437100758028
641,train_000641,train/images/train_000641.npz,290,153,train,single_000641,SM,4,1,3,0,2127.0,0.04793779580797836
642,train_000642,train/images/train_000642.npz,290,157,train,single_000642,ML,2,0,1,1,3192.0,0.07010762134856138
643,train_000643,train/images/train_000643.npz,289,157,val,single_000643,ML,4,0,3,1,6599.0,0.14543891741784762
644,train_000644,train/images/train_000644.npz,282,106,train,sim_group_01,M,1,0,1,0,1690.0,0.05653686605111736
645,train_000645,train/images/train_000645.npz,289,158,val,single_000645,ML,2,0,1,1,20763.0,0.4547107003635408
646,train_000646,train/images/train_000646.npz,291,137,train,single_000646,M,3,0,3,0,2216.0,0.05558481952492036
647,train_000647,train/images/train_000647.npz,287,233,train,single_000647,S,1,1,0,0,41.0,0.0006131207847946045
648,train_000648,train/images/train_000648.npz,282,107,train,single_000648,M,3,0,3,0,3184.0,0.10552130973685955
649,train_000649,train/images/train_000649.npz,291,137,train,single_000649,L,1,0,0,1,6990.0,0.17533298216570095
650,train_000650,train/images/train_000650.npz,291,138,train,single_000650,L,1,0,0,1,18293.0,0.45552567358932217
651,train_000651,train/images/train_000651.npz,291,138,train,single_000651,SM,5,1,4,0,4138.0,0.103042980228099
652,train_000652,train/images/train_000652.npz,296,201,train,single_000652,ML,2,0,1,1,5218.0,0.08770337501680785
653,train_000653,train/images/train_000653.npz,286,232,train,single_000653,SM,4,2,2,0,2832.0,0.042681456474559926
654,train_000654,train/images/train_000654.npz,289,158,train,single_000654,M,1,0,1,0,316.0,0.006920415224913495
655,train_000655,train/images/train_000655.npz,289,154,val,single_000655,L,1,0,0,1,4706.0,0.10573855210533412
656,train_000656,train/images/train_000656.npz,286,117,train,single_000656,M,2,0,2,0,1557.0,0.046530392684238836
657,train_000657,train/images/train_000657.npz,291,137,train,single_000657,L,1,0,0,1,8807.0,0.22090952416785814
658,train_000658,train/images/train_000658.npz,289,157,train,single_000658,ML,3,0,1,2,17431.0,0.38417120313843034
659,train_000659,train/images/train_000659.npz,291,138,train,single_000659,M,2,0,2,0,1957.0,0.04873250659893421
660,train_000660,train/images/train_000660.npz,292,138,train,single_000660,L,1,0,0,1,10301.0,0.2556333134802462
661,train_000661,train/images/train_000661.npz,278,237,val,single_000661,M,3,0,3,0,2594.0,0.03937103481771545
662,train_000662,train/images/train_000662.npz,294,200,train,single_000662,M,1,0,1,0,484.0,0.008231292517006803
663,train_000663,train/images/train_000663.npz,294,201,train,single_000663,L,1,0,0,1,10538.0,0.17832605679087554
664,train_000664,train/images/train_000664.npz,295,199,val,single_000664,ML,3,0,2,1,3758.0,0.0640149902052636
665,train_000665,train/images/train_000665.npz,285,117,train,single_000665,M,3,0,3,0,1892.0,0.05674014095066727
666,train_000666,train/images/train_000666.npz,291,137,train,single_000666,SM,4,2,2,0,3280.0,0.0822735595856222
667,train_000667,train/images/train_000667.npz,286,232,train,single_000667,M,2,0,2,0,774.0,0.011665059078852182
668,train_000668,train/images/train_000668.npz,289,158,val,single_000668,SL,2,1,0,1,24571.0,0.5381060838333844
669,train_000669,train/images/train_000669.npz,295,197,val,single_000669,SM,2,1,1,0,899.0,0.015469328056439817
670,train_000670,train/images/train_000670.npz,290,153,train,single_000670,SM,4,1,3,0,2106.0,0.04746450304259635
671,train_000671,train/images/train_000671.npz,289,159,train,single_000671,M,1,0,1,0,1430.0,0.0311201062000827
672,train_000672,train/images/train_000672.npz,295,201,train,single_000672,L,2,0,0,2,9830.0,0.16578126317564718
673,train_000673,train/images/train_000673.npz,281,230,train,single_000673,L,1,0,0,1,3349.0,0.05181804115735726
674,train_000674,train/images/train_000674.npz,287,231,train,sim_group_03,L,1,0,0,1,4603.0,0.06942998929061647
675,train_000675,train/images/train_000675.npz,289,153,train,single_000675,L,1,0,0,1,2844.0,0.06431915326684307
676,train_000676,train/images/train_000676.npz,286,232,train,single_000676,ML,2,0,1,1,5417.0,0.08164034241620448
677,train_000677,train/images/train_000677.npz,289,157,train,single_000677,ML,2,0,1,1,9385.0,0.20684107288475526
678,train_000678,train/images/train_000678.npz,291,137,train,single_000678,SML,4,1,1,2,6865.0,0.17219755687661475
679,train_000679,train/images/train_000679.npz,292,137,train,single_000679,M,1,0,1,0,756.0,0.0188981101889811
680,train_000680,train/images/train_000680.npz,291,137,train,single_000680,SL,2,1,0,1,24428.0,0.6127373516943838
681,train_000681,train/images/train_000681.npz,290,153,train,single_000681,L,2,0,0,2,12229.0,0.27561415370746
682,train_000682,train/images/train_000682.npz,286,118,train,single_000682,M,1,0,1,0,1284.0,0.038046699063648215
683,train_000683,train/images/train_000683.npz,283,106,train,sim_group_01,SM,2,1,1,0,887.0,0.029568637909193948
684,train_000684,train/images/train_000684.npz,296,201,train,single_000684,L,1,0,0,1,2447.0,0.04112881538254672
685,train_000685,train/images/train_000685.npz,291,138,val,single_000685,M,2,0,2,0,2301.0,0.05729867025250261
686,train_000686,train/images/train_000686.npz,292,137,train,single_000686,M,2,0,2,0,2086.0,0.052144785521447856
687,train_000687,train/images/train_000687.npz,295,201,train,single_000687,ML,2,0,1,1,10509.0,0.17723248165949912
688,train_000688,train/images/train_000688.npz,289,153,train,single_000688,SM,2,1,1,0,511.0,0.011556641110884953
689,train_000689,train/images/train_000689.npz,296,201,train,single_000689,M,2,0,2,0,2419.0,0.04065819550894178
690,train_000690,train/images/train_000690.npz,295,199,train,single_000690,SM,3,1,2,0,1248.0,0.021258836555659653
691,train_000691,train/images/train_000691.npz,286,232,val,single_000691,SM,4,1,3,0,2567.0,0.03868760549795033
692,train_000692,train/images/train_000692.npz,286,118,train,single_000692,ML,2,0,1,1,3193.0,0.09461301410453953
693,train_000693,train/images/train_000693.npz,289,152,train,single_000693,SML,4,2,1,1,5593.0,0.1273219814241486
694,train_000694,train/images/train_000694.npz,292,137,train,single_000694,SL,2,1,0,1,19415.0,0.4853264673532647
695,train_000695,train/images/train_000695.npz,278,238,train,single_000695,M,1,0,1,0,1699.0,0.02567861677044919
696,train_000696,train/images/train_000696.npz,295,199,train,single_000696,SM,2,1,1,0,1586.0,0.02701643812281748
697,train_000697,train/images/train_000697.npz,287,219,train,single_000697,M,2,0,2,0,2285.0,0.03635466883044564
698,train_000698,train/images/train_000698.npz,287,232,train,single_000698,SM,3,1,2,0,1610.0,0.024179983179142137
699,train_000699,train/images/train_000699.npz,289,157,val,single_000699,L,1,0,0,1,8059.0,0.1776166442598021
700,train_000700,train/images/train_000700.npz,292,138,train,single_000700,ML,2,0,1,1,6321.0,0.15686420488385944
701,train_000701,train/images/train_000701.npz,287,118,train,sim_group_15,M,2,0,2,0,1637.0,0.04833756570011221
702,train_000702,train/images/train_000702.npz,291,137,train,single_000702,L,1,0,0,1,3196.0,0.08016655379135626
703,train_000703,train/images/train_000703.npz,286,232,train,sim_group_06,M,3,0,3,0,4192.0,0.0631782011092356
704,train_000704,train/images/train_000704.npz,286,116,train,single_000704,SL,3,1,0,2,12122.0,0.36538461538461536
705,train_000705,train/images/train_000705.npz,291,138,train,single_000705,SML,3,1,1,1,3990.0,0.09935753772598237
706,train_000706,train/images/train_000706.npz,278,237,train,single_000706,SM,4,3,1,0,816.0,0.01238502868591203
707,train_000707,train/images/train_000707.npz,287,231,val,single_000707,M,3,0,3,0,4192.0,0.06323061375326183
708,train_000708,train/images/train_000708.npz,289,228,train,single_000708,M,1,0,1,0,1034.0,0.0156923450494749
709,train_000709,train/images/train_000709.npz,295,202,train,single_000709,S,2,2,0,0,363.0,0.006091626111763719
710,train_000710,train/images/train_000710.npz,296,201,train,single_000710,L,1,0,0,1,25356.0,0.42617991125453814
711,train_000711,train/images/train_000711.npz,290,153,train,single_000711,SML,4,1,2,1,4540.0,0.10232138832544511
712,train_000712,train/images/train_000712.npz,283,106,train,sim_group_01,SM,2,1,1,0,1080.0,0.03600240016001067
713,train_000713,train/images/train_000713.npz,290,153,train,single_000713,L,1,0,0,1,2693.0,0.060694162722560285
714,train_000714,train/images/train_000714.npz,150,295,val,single_000714,L,1,0,0,1,7513.0,0.1697853107344633
715,train_000715,train/images/train_000715.npz,289,158,train,single_000715,L,1,0,0,1,14242.0,0.3119004861810696
716,train_000716,train/images/train_000716.npz,295,201,train,single_000716,L,1,0,0,1,4178.0,0.07046125305675015
717,train_000717,train/images/train_000717.npz,292,138,train,single_000717,SL,2,1,0,1,8679.0,0.21538117927337702
718,train_000718,train/images/train_000718.npz,287,232,train,single_000718,ML,4,0,3,1,5430.0,0.08155112339300732
719,train_000719,train/images/train_000719.npz,291,137,train,single_000719,SL,9,6,0,3,10331.0,0.2591366292923972
720,train_000720,train/images/train_000720.npz,289,158,train,single_000720,M,1,0,1,0,1815.0,0.039748587446892386
721,train_000721,train/images/train_000721.npz,282,107,val,single_000721,M,3,0,3,0,3216.0,0.10658182541260688
722,train_000722,train/images/train_000722.npz,291,137,train,single_000722,L,1,0,0,1,4403.0,0.11044222038277272
723,train_000723,train/images/train_000723.npz,279,235,train,single_000723,SM,4,1,3,0,2446.0,0.03730648974300313
724,train_000724,train/images/train_000724.npz,286,231,train,single_000724,SM,5,1,4,0,4179.0,0.06325492689129053
725,train_000725,train/images/train_000725.npz,291,138,train,single_000725,M,4,0,4,0,3810.0,0.09487524279097564
726,train_000726,train/images/train_000726.npz,286,116,train,single_000726,SML,4,1,2,1,6276.0,0.1891728960694478
727,train_000727,train/images/train_000727.npz,286,232,train,single_000727,SM,6,4,2,0,1551.0,0.023375331564986737
728,train_000728,train/images/train_000728.npz,294,197,train,single_000728,L,1,0,0,1,2345.0,0.04048827652888567
729,train_000729,train/images/train_000729.npz,294,196,val,sim_group_12,M,1,0,1,0,1705.0,0.02958836595862835
730,train_000730,train/images/train_000730.npz,287,231,val,single_000730,L,1,0,0,1,4172.0,0.06292894097772146
731,train_000731,train/images/train_000731.npz,279,237,val,single_000731,L,1,0,0,1,2079.0,0.03144140465496121
732,train_000732,train/images/train_000732.npz,280,231,train,single_000732,M,3,0,3,0,1562.0,0.02414965986394558
733,train_000733,train/images/train_000733.npz,286,117,train,single_000733,ML,2,0,1,1,18169.0,0.5429741198971968
734,train_000734,train/images/train_000734.npz,292,138,train,single_000734,SML,4,1,2,1,3185.0,0.0790401032360532
735,train_000735,train/images/train_000735.npz,286,118,train,single_000735,L,1,0,0,1,2997.0,0.0888052625340761
736,train_000736,train/images/train_000736.npz,289,158,train,single_000736,L,1,0,0,1,11892.0,0.2604353729578205
737,train_000737,train/images/train_000737.npz,285,116,train,single_000737,SML,4,2,1,1,8262.0,0.2499092558983666
738,train_000738,train/images/train_000738.npz,291,137,val,single_000738,M,2,0,2,0,1447.0,0.036295683146461984
739,train_000739,train/images/train_000739.npz,292,136,train,single_000739,ML,2,0,1,1,3305.0,0.08322421434327155
740,train_000740,train/images/train_000740.npz,290,158,train,single_000740,L,1,0,0,1,11240.0,0.2453077258838935
741,train_000741,train/images/train_000741.npz,294,200,train,single_000741,S,1,1,0,0,74.0,0.0012585034013605442
742,train_000742,train/images/train_000742.npz,286,232,train,single_000742,SM,2,1,1,0,468.0,0.007053291536050157
743,train_000743,train/images/train_000743.npz,286,118,train,single_000743,L,1,0,0,1,3136.0,0.09292402512741496
744,train_000744,train/images/train_000744.npz,286,118,train,single_000744,M,2,0,2,0,1637.0,0.04850657816759512
745,train_000745,train/images/train_000745.npz,286,116,train,single_000745,L,1,0,0,1,6318.0,0.19043887147335423
746,train_000746,train/images/train_000746.npz,289,158,train,single_000746,M,1,0,1,0,1374.0,0.03009066619946564
747,train_000747,train/images/train_000747.npz,296,210,train,single_000747,M,2,0,2,0,2470.0,0.03973616473616474
748,train_000748,train/images/train_000748.npz,289,157,train,single_000748,ML,3,0,2,1,13158.0,0.2899962532783814
749,train_000749,train/images/train_000749.npz,280,229,train,single_000749,SML,4,2,1,1,4460.0,0.06955708047411104
750,train_000750,train/images/train_000750.npz,290,228,train,single_000750,M,1,0,1,0,1435.0,0.021702964307320025
751,train_000751,train/images/train_000751.npz,287,231,train,single_000751,SML,5,1,3,1,6171.0,0.09308113489298159
752,train_000752,train/images/train_000752.npz,286,232,train,single_000752,S,1,1,0,0,61.0,0.0009193392814082469
753,train_000753,train/images/train_000753.npz,289,158,train,single_000753,L,1,0,0,1,11604.0,0.25412815908194997
754,train_000754,train/images/train_000754.npz,290,153,val,single_000754,ML,2,0,1,1,10373.0,0.23378408834798287
755,train_000755,train/images/train_000755.npz,296,202,train,single_000755,M,1,0,1,0,460.0,0.007693336901257694
756,train_000756,train/images/train_000756.npz,292,137,train,single_000756,SML,6,1,3,2,10931.0,0.2732476752324767
